{
  "model": "PhaseTransition-Total",
  "tier": "local3",
  "ln_Z": -64.4876850405219,
  "ln_Z_err": 0.12926886655320965,
  "n_dim": 5,
  "nlive": 500,
  "dlogz": 0.1,
  "seed": 20260422,
  "n_likelihood_calls": 93615,
  "wall_seconds": 14.078359842300415,
  "param_names": [
    "log10_T_star",
    "log10_alpha",
    "log10_beta_H",
    "v_w",
    "epsilon"
  ],
  "prior_range": {
    "log10_T_star": [
      -3.0,
      3.0
    ],
    "log10_alpha": [
      -2.0,
      2.0
    ],
    "log10_beta_H": [
      0.0,
      4.0
    ],
    "v_w": [
      0.1,
      1.0
    ],
    "epsilon": [
      0.01,
      0.2
    ]
  },
  "median_params": {
    "log10_T_star": -1.6361154614159377,
    "log10_alpha": 0.024935109867950445,
    "log10_beta_H": 0.8323669672938772,
    "v_w": 0.570314040027465,
    "epsilon": 0.1079933304070715
  },
  "ci_68": {
    "log10_T_star": [
      -2.5912749009012543,
      -0.9656417211276769
    ],
    "log10_alpha": [
      -0.5098681768606839,
      0.9262003143289735
    ],
    "log10_beta_H": [
      0.32286560440218925,
      1.4005077513432462
    ],
    "v_w": [
      0.24892328744175568,
      0.8591710746431559
    ],
    "epsilon": [
      0.043905102037659634,
      0.17288466854509402
    ]
  },
  "output_dir": "/Volumes/MacData_External/Physics-Novel-Paper/研究计划2026/课题1-PTA引力波/results/prl_reference_bridge/P2_local3/PhaseTransition-Total"
}
