{
  "task": "T2.4-production-HD",
  "model": "HD",
  "n_pulsars": 67,
  "n_steps": 2000000,
  "Tspan_yr": 16.029777268872298,
  "chain_shape": [
    200001,
    140
  ],
  "burnin_rows": 50000,
  "total_elapsed": "28:24:18",
  "completed_at": "2026-04-18 17:33:51",
  "log10_A_gw": {
    "median": -14.198947124164507,
    "std": 0.12216939150877071,
    "p16": -14.343465900232673,
    "p84": -14.090782969809112
  },
  "gamma_gw": {
    "median": 3.271550648979818,
    "std": 0.32086642453437986,
    "p16": 2.9695776917956054,
    "p84": 3.624654571631758
  }
}