{
  "task": "T2.4-production-HD",
  "model": "HD",
  "n_pulsars": 67,
  "n_steps": 500000,
  "Tspan_yr": 16.029777268872298,
  "chain_shape": [
    50001,
    140
  ],
  "burnin_rows": 12500,
  "total_elapsed": "07:44:07",
  "completed_at": "2026-04-20 16:38:44",
  "log10_A_gw": {
    "median": -14.250911920218723,
    "std": 0.16843969111599164,
    "p16": -14.43239261691936,
    "p84": -14.11796465834366
  },
  "gamma_gw": {
    "median": 3.4014411445495147,
    "std": 0.4180128026892824,
    "p16": 3.033035855387591,
    "p84": 3.8491518587541584
  }
}