{
  "model": "PBH-SIGW-Analytic",
  "tier": "hybrid3",
  "ln_Z": -154.5705955429059,
  "ln_Z_err": 0.08295126811962782,
  "n_dim": 3,
  "nlive": 1000,
  "dlogz": 0.1,
  "seed": 20260422,
  "n_likelihood_calls": 142794,
  "wall_seconds": 1046.8416240215302,
  "param_names": [
    "log10_A_zeta",
    "log10_f_star",
    "sigma_ps"
  ],
  "prior_range": {
    "log10_A_zeta": [
      -3.0,
      0.0
    ],
    "log10_f_star": [
      -10.0,
      -6.0
    ],
    "sigma_ps": [
      0.1,
      3.0
    ]
  },
  "median_params": {
    "log10_A_zeta": -2.068546657509669,
    "log10_f_star": -7.239906166626835,
    "sigma_ps": 1.3892087398000568
  },
  "ci_68": {
    "log10_A_zeta": [
      -2.2267668380678227,
      -1.3010501230282856
    ],
    "log10_f_star": [
      -7.602657958765608,
      -6.651040872743376
    ],
    "sigma_ps": [
      0.7144022889611928,
      2.39048720997147
    ]
  },
  "output_dir": "/Volumes/MacData_External/Physics-Novel-Paper/研究计划2026/课题1-PTA引力波/results/prl_reference_bridge/P6_stability/nlive1000_seed20260422/PBH-SIGW-Analytic"
}
