{
  "model": "SIGW-Delta",
  "tier": "hybrid3",
  "ln_Z": -35.390337526726064,
  "ln_Z_err": 0.16934407728751216,
  "n_dim": 2,
  "nlive": 250,
  "dlogz": 0.2,
  "seed": 20260422,
  "n_likelihood_calls": 9872,
  "wall_seconds": 1.7427740097045898,
  "param_names": [
    "log10_f_peak",
    "log10_A"
  ],
  "prior_range": {
    "log10_f_peak": [
      -11.0,
      -5.0
    ],
    "log10_A": [
      -3.0,
      1.0
    ]
  },
  "median_params": {
    "log10_f_peak": -5.995044688066114,
    "log10_A": -0.8362222548161831
  },
  "ci_68": {
    "log10_f_peak": [
      -6.8321197109215,
      -5.2771010749100125
    ],
    "log10_A": [
      -1.4615771630536978,
      -0.23951217936931302
    ]
  },
  "output_dir": "/Volumes/MacData_External/Physics-Novel-Paper/研究计划2026/课题1-PTA引力波/results/prl_reference_bridge/P5_frequency_cut/le_8_nHz/SIGW-Delta"
}
