{
  "model": "Cosmic-Superstrings",
  "tier": "hybrid3",
  "ln_Z": -19.84337042839322,
  "ln_Z_err": 0.15336338627424373,
  "n_dim": 2,
  "nlive": 250,
  "dlogz": 0.2,
  "seed": 20260422,
  "n_likelihood_calls": 9920,
  "wall_seconds": 1.7160110473632812,
  "param_names": [
    "log10_Gmu",
    "log10_P"
  ],
  "prior_range": {
    "log10_Gmu": [
      -14.0,
      -6.0
    ],
    "log10_P": [
      -3.0,
      0.0
    ]
  },
  "median_params": {
    "log10_Gmu": -11.509682565764418,
    "log10_P": -1.7259918664631888
  },
  "ci_68": {
    "log10_Gmu": [
      -11.945997704529981,
      -10.897397224923683
    ],
    "log10_P": [
      -2.6173446792512807,
      -0.6815901011186227
    ]
  },
  "output_dir": "/Volumes/MacData_External/Physics-Novel-Paper/研究计划2026/课题1-PTA引力波/results/prl_reference_bridge/P5_frequency_cut/le_5_nHz/Cosmic-Superstrings"
}
