{
  "model": "PBH-SIGW-Analytic",
  "tier": "hybrid3",
  "ln_Z": -154.59821098738078,
  "ln_Z_err": 0.18060346742575747,
  "n_dim": 3,
  "nlive": 250,
  "dlogz": 0.2,
  "seed": 20260422,
  "n_likelihood_calls": 31996,
  "wall_seconds": 235.98569893836975,
  "param_names": [
    "log10_A_zeta",
    "log10_f_star",
    "sigma_ps"
  ],
  "prior_range": {
    "log10_A_zeta": [
      -3.0,
      0.0
    ],
    "log10_f_star": [
      -10.0,
      -6.0
    ],
    "sigma_ps": [
      0.1,
      3.0
    ]
  },
  "median_params": {
    "log10_A_zeta": -2.070239304764665,
    "log10_f_star": -7.237261269747842,
    "sigma_ps": 1.39022728883435
  },
  "ci_68": {
    "log10_A_zeta": [
      -2.222113099039622,
      -1.2098917325032907
    ],
    "log10_f_star": [
      -7.617026900616457,
      -6.540307902421776
    ],
    "sigma_ps": [
      0.6911243745219914,
      2.3671458301726642
    ]
  },
  "output_dir": "/Volumes/MacData_External/Physics-Novel-Paper/研究计划2026/课题1-PTA引力波/results/prl_reference_bridge/P5_frequency_cut/all/PBH-SIGW-Analytic"
}
