{
  "model": "Cosmic-Superstrings",
  "tier": "hybrid3",
  "ln_Z": -154.37720554590848,
  "ln_Z_err": 0.10896083559524378,
  "n_dim": 2,
  "nlive": 500,
  "dlogz": 0.1,
  "seed": 20260422,
  "n_likelihood_calls": 22440,
  "wall_seconds": 4.956711053848267,
  "param_names": [
    "log10_Gmu",
    "log10_P"
  ],
  "prior_range": {
    "log10_Gmu": [
      -14.0,
      -6.0
    ],
    "log10_P": [
      -3.0,
      0.0
    ]
  },
  "median_params": {
    "log10_Gmu": -11.623109766044292,
    "log10_P": -2.014955537333203
  },
  "ci_68": {
    "log10_Gmu": [
      -11.986971991110362,
      -11.18315166908204
    ],
    "log10_P": [
      -2.685878494681178,
      -1.2850947462581424
    ]
  },
  "output_dir": "/Volumes/MacData_External/Physics-Novel-Paper/研究计划2026/课题1-PTA引力波/results/prl_reference_bridge/P2_hybrid3/Cosmic-Superstrings"
}
