{
  "model": "SIGW-Gaussian",
  "tier": "hybrid3",
  "ln_Z": -154.86949856802775,
  "ln_Z_err": 0.11448806863335849,
  "n_dim": 3,
  "nlive": 500,
  "dlogz": 0.1,
  "seed": 20260423,
  "n_likelihood_calls": 73724,
  "wall_seconds": 14.037149906158447,
  "param_names": [
    "log10_fpeak",
    "width",
    "log10_A"
  ],
  "prior_range": {
    "log10_fpeak": [
      -11.0,
      -5.0
    ],
    "width": [
      0.1,
      3.0
    ],
    "log10_A": [
      -3.0,
      1.0
    ]
  },
  "median_params": {
    "log10_fpeak": -6.681416246151162,
    "width": 1.5604361813726033,
    "log10_A": -0.7950638942993857
  },
  "ci_68": {
    "log10_fpeak": [
      -7.360190096199077,
      -5.625718111655022
    ],
    "width": [
      0.7060930300815311,
      2.3478795885175905
    ],
    "log10_A": [
      -1.258839019471705,
      -0.17627208588336707
    ]
  },
  "output_dir": "/Volumes/MacData_External/Physics-Novel-Paper/研究计划2026/课题1-PTA引力波/results/prl_reference_bridge/P6_stability/nlive500_seed20260423/SIGW-Gaussian"
}
