{
  "model": "Cosmic-Superstrings",
  "tier": "hybrid3",
  "ln_Z": -154.37720554590848,
  "ln_Z_err": 0.10896083559524378,
  "n_dim": 2,
  "nlive": 500,
  "dlogz": 0.1,
  "seed": 20260422,
  "n_likelihood_calls": 22440,
  "wall_seconds": 5.027663230895996,
  "param_names": [
    "log10_Gmu",
    "log10_P"
  ],
  "prior_range": {
    "log10_Gmu": [
      -14.0,
      -6.0
    ],
    "log10_P": [
      -3.0,
      0.0
    ]
  },
  "median_params": {
    "log10_Gmu": -11.62261801761652,
    "log10_P": -2.013507066140961
  },
  "ci_68": {
    "log10_Gmu": [
      -11.986561068127298,
      -11.18315166908204
    ],
    "log10_P": [
      -2.684307544306024,
      -1.2858295980172247
    ]
  },
  "output_dir": "/Volumes/MacData_External/Physics-Novel-Paper/研究计划2026/课题1-PTA引力波/results/prl_reference_bridge/P6_stability/nlive500_seed20260422/Cosmic-Superstrings"
}
