{
  "model": "SIGW-Gaussian",
  "tier": "hybrid3",
  "ln_Z": -154.8496318082255,
  "ln_Z_err": 0.1148219562758889,
  "n_dim": 3,
  "nlive": 500,
  "dlogz": 0.1,
  "seed": 20260422,
  "n_likelihood_calls": 73852,
  "wall_seconds": 14.448498010635376,
  "param_names": [
    "log10_fpeak",
    "width",
    "log10_A"
  ],
  "prior_range": {
    "log10_fpeak": [
      -11.0,
      -5.0
    ],
    "width": [
      0.1,
      3.0
    ],
    "log10_A": [
      -3.0,
      1.0
    ]
  },
  "median_params": {
    "log10_fpeak": -6.8652039377008505,
    "width": 1.3861969617065304,
    "log10_A": -0.8820035457342041
  },
  "ci_68": {
    "log10_fpeak": [
      -7.411315987269389,
      -5.751566220902202
    ],
    "width": [
      0.5368793291160332,
      2.3103908292783233
    ],
    "log10_A": [
      -1.3430108227055249,
      -0.21807968552714344
    ]
  },
  "output_dir": "/Volumes/MacData_External/Physics-Novel-Paper/研究计划2026/课题1-PTA引力波/results/prl_reference_bridge/P2_hybrid3/SIGW-Gaussian"
}
