{
  "model": "PBH-SIGW-Analytic",
  "tier": "ng15_official",
  "ln_Z": -108.2377602526596,
  "ln_Z_err": 0.10764895194981572,
  "n_dim": 3,
  "nlive": 500,
  "dlogz": 0.1,
  "seed": 20260422,
  "n_likelihood_calls": 68470,
  "wall_seconds": 185.00061893463135,
  "param_names": [
    "log10_A_zeta",
    "log10_f_star",
    "sigma_ps"
  ],
  "prior_range": {
    "log10_A_zeta": [
      -3.0,
      0.0
    ],
    "log10_f_star": [
      -10.0,
      -6.0
    ],
    "sigma_ps": [
      0.1,
      3.0
    ]
  },
  "median_params": {
    "log10_A_zeta": -1.440554766899526,
    "log10_f_star": -6.711462058466365,
    "sigma_ps": 1.1764809275994688
  },
  "ci_68": {
    "log10_A_zeta": [
      -1.8438421086626322,
      -0.8930165374865014
    ],
    "log10_f_star": [
      -7.269194322205378,
      -6.181244381399711
    ],
    "sigma_ps": [
      0.43160188616163797,
      2.4220873291859117
    ]
  },
  "output_dir": "/Volumes/MacData_External/Physics-Novel-Paper/研究计划2026/课题1-PTA引力波/results/prl_reference_bridge/P1_ng15_official/PBH-SIGW-Analytic"
}
