{
  "model": "Cosmic-Superstrings",
  "tier": "hybrid3",
  "ln_Z": -57.690534387468915,
  "ln_Z_err": 0.1685215553953821,
  "n_dim": 2,
  "nlive": 250,
  "dlogz": 0.2,
  "seed": 20260422,
  "n_likelihood_calls": 10680,
  "wall_seconds": 1.9181559085845947,
  "param_names": [
    "log10_Gmu",
    "log10_P"
  ],
  "prior_range": {
    "log10_Gmu": [
      -14.0,
      -6.0
    ],
    "log10_P": [
      -3.0,
      0.0
    ]
  },
  "median_params": {
    "log10_Gmu": -11.538235376963367,
    "log10_P": -1.8434862207031828
  },
  "ci_68": {
    "log10_Gmu": [
      -11.974493743440995,
      -11.014167165297248
    ],
    "log10_P": [
      -2.687665844710321,
      -0.9605667154876203
    ]
  },
  "output_dir": "/Volumes/MacData_External/Physics-Novel-Paper/研究计划2026/课题1-PTA引力波/results/prl_reference_bridge/P5_frequency_cut/le_12_nHz/Cosmic-Superstrings"
}
