{
  "model": "DomainWall",
  "tier": "hybrid3",
  "ln_Z": -157.170546081331,
  "ln_Z_err": 0.13720841257776425,
  "n_dim": 3,
  "nlive": 500,
  "dlogz": 0.1,
  "seed": 20260422,
  "n_likelihood_calls": 88735,
  "wall_seconds": 9.348351001739502,
  "param_names": [
    "log10_sigma_wall",
    "log10_T_ann",
    "epsilon_gw"
  ],
  "prior_range": {
    "log10_sigma_wall": [
      3.0,
      12.0
    ],
    "log10_T_ann": [
      -3.0,
      3.0
    ],
    "epsilon_gw": [
      0.1,
      2.0
    ]
  },
  "median_params": {
    "log10_sigma_wall": 4.386287487836311,
    "log10_T_ann": -0.4856644597118658,
    "epsilon_gw": 1.0816037171948159
  },
  "ci_68": {
    "log10_sigma_wall": [
      3.9622775497432574,
      4.808763501544817
    ],
    "log10_T_ann": [
      -0.6337789866419657,
      -0.352584006502787
    ],
    "epsilon_gw": [
      0.45527256434045316,
      1.7074937884652068
    ]
  },
  "output_dir": "/Volumes/MacData_External/Physics-Novel-Paper/研究计划2026/课题1-PTA引力波/results/prl_reference_bridge/P2_hybrid3/DomainWall"
}
