{
  "model": "SIGW-Delta",
  "tier": "hybrid3",
  "ln_Z": -20.08420639984743,
  "ln_Z_err": 0.159769357004332,
  "n_dim": 2,
  "nlive": 250,
  "dlogz": 0.2,
  "seed": 20260422,
  "n_likelihood_calls": 9997,
  "wall_seconds": 1.6653776168823242,
  "param_names": [
    "log10_f_peak",
    "log10_A"
  ],
  "prior_range": {
    "log10_f_peak": [
      -11.0,
      -5.0
    ],
    "log10_A": [
      -3.0,
      1.0
    ]
  },
  "median_params": {
    "log10_f_peak": -6.1780219927486355,
    "log10_A": -0.9666151789212154
  },
  "ci_68": {
    "log10_f_peak": [
      -7.21676584684185,
      -5.343521774513236
    ],
    "log10_A": [
      -1.7615073614884773,
      -0.3052872467741066
    ]
  },
  "output_dir": "/Volumes/MacData_External/Physics-Novel-Paper/研究计划2026/课题1-PTA引力波/results/prl_reference_bridge/P5_frequency_cut/le_5_nHz/SIGW-Delta"
}
