{
  "model": "PBH-SIGW-Analytic",
  "tier": "ng15_local",
  "ln_Z": -16.45072220069279,
  "ln_Z_err": 0.10821850144544656,
  "n_dim": 3,
  "nlive": 500,
  "dlogz": 0.1,
  "seed": 20260422,
  "n_likelihood_calls": 69850,
  "wall_seconds": 157.27647590637207,
  "param_names": [
    "log10_A_zeta",
    "log10_f_star",
    "sigma_ps"
  ],
  "prior_range": {
    "log10_A_zeta": [
      -3.0,
      0.0
    ],
    "log10_f_star": [
      -10.0,
      -6.0
    ],
    "sigma_ps": [
      0.1,
      3.0
    ]
  },
  "median_params": {
    "log10_A_zeta": -1.376648395283436,
    "log10_f_star": -6.68871990123966,
    "sigma_ps": 1.2036784271102055
  },
  "ci_68": {
    "log10_A_zeta": [
      -1.8342255482087784,
      -0.9025410680319352
    ],
    "log10_f_star": [
      -7.2487197196727005,
      -6.163190593343023
    ],
    "sigma_ps": [
      0.4007348659845478,
      2.4326066104401214
    ]
  },
  "output_dir": "/Volumes/MacData_External/Physics-Novel-Paper/研究计划2026/课题1-PTA引力波/results/prl_reference_bridge/P1_ng15_local/PBH-SIGW-Analytic"
}
