{
  "model": "SIGW-Delta",
  "tier": "ng15_local",
  "ln_Z": -17.775627741576244,
  "ln_Z_err": 0.10962974052415363,
  "n_dim": 2,
  "nlive": 500,
  "dlogz": 0.1,
  "seed": 20260422,
  "n_likelihood_calls": 19718,
  "wall_seconds": 2.2570531368255615,
  "param_names": [
    "log10_f_peak",
    "log10_A"
  ],
  "prior_range": {
    "log10_f_peak": [
      -11.0,
      -5.0
    ],
    "log10_A": [
      -3.0,
      1.0
    ]
  },
  "median_params": {
    "log10_f_peak": -5.796464069066072,
    "log10_A": -0.6125660142252132
  },
  "ci_68": {
    "log10_f_peak": [
      -6.543265153526538,
      -5.243560320286985
    ],
    "log10_A": [
      -1.2057044091504903,
      -0.1427816736202191
    ]
  },
  "output_dir": "/Volumes/MacData_External/Physics-Novel-Paper/研究计划2026/课题1-PTA引力波/results/prl_reference_bridge/P1_ng15_local/SIGW-Delta"
}
