{
  "model": "SMBHB-BrokenPL",
  "tier": "hybrid3",
  "ln_Z": -104.61013490580574,
  "ln_Z_err": 0.1900998968768862,
  "n_dim": 4,
  "nlive": 250,
  "dlogz": 0.2,
  "seed": 20260422,
  "n_likelihood_calls": 34286,
  "wall_seconds": 2.907963991165161,
  "param_names": [
    "log10_A",
    "log10_fbend",
    "delta",
    "kappa"
  ],
  "prior_range": {
    "log10_A": [
      -18.0,
      -11.0
    ],
    "log10_fbend": [
      -10.0,
      -6.8
    ],
    "delta": [
      0.0,
      6.0
    ],
    "kappa": [
      0.5,
      8.0
    ]
  },
  "median_params": {
    "log10_A": -14.477247078278753,
    "log10_fbend": -8.35374786048058,
    "delta": 1.932914858961255,
    "kappa": 3.468809712891512
  },
  "ci_68": {
    "log10_A": [
      -14.61615130185878,
      -14.108724664750005
    ],
    "log10_fbend": [
      -8.762447441187014,
      -7.317795457833166
    ],
    "delta": [
      0.9693707020893134,
      4.502890273294494
    ],
    "kappa": [
      1.2449461755775764,
      6.516186546290546
    ]
  },
  "output_dir": "/Volumes/MacData_External/Physics-Novel-Paper/研究计划2026/课题1-PTA引力波/results/prl_reference_bridge/P5_frequency_cut/le_20_nHz/SMBHB-BrokenPL"
}
