{
  "model": "PBH-SIGW-Analytic",
  "tier": "hybrid3",
  "ln_Z": -19.172509172888972,
  "ln_Z_err": 0.15246402251929664,
  "n_dim": 3,
  "nlive": 250,
  "dlogz": 0.2,
  "seed": 20260422,
  "n_likelihood_calls": 20825,
  "wall_seconds": 149.17348313331604,
  "param_names": [
    "log10_A_zeta",
    "log10_f_star",
    "sigma_ps"
  ],
  "prior_range": {
    "log10_A_zeta": [
      -3.0,
      0.0
    ],
    "log10_f_star": [
      -10.0,
      -6.0
    ],
    "sigma_ps": [
      0.1,
      3.0
    ]
  },
  "median_params": {
    "log10_A_zeta": -1.6419665684080806,
    "log10_f_star": -6.959141471968371,
    "sigma_ps": 1.3909597923534696
  },
  "ci_68": {
    "log10_A_zeta": [
      -2.2722858181313343,
      -0.9891836050075118
    ],
    "log10_f_star": [
      -7.59506606836676,
      -6.2654535679796375
    ],
    "sigma_ps": [
      0.4291695273457727,
      2.444821066068142
    ]
  },
  "output_dir": "/Volumes/MacData_External/Physics-Novel-Paper/研究计划2026/课题1-PTA引力波/results/prl_reference_bridge/P5_frequency_cut/le_5_nHz/PBH-SIGW-Analytic"
}
