{
  "model": "SIGW-Gaussian",
  "tier": "hybrid3",
  "ln_Z": -154.95996638699322,
  "ln_Z_err": 0.18492890127288042,
  "n_dim": 3,
  "nlive": 250,
  "dlogz": 0.2,
  "seed": 20260422,
  "n_likelihood_calls": 32068,
  "wall_seconds": 6.319555044174194,
  "param_names": [
    "log10_fpeak",
    "width",
    "log10_A"
  ],
  "prior_range": {
    "log10_fpeak": [
      -11.0,
      -5.0
    ],
    "width": [
      0.1,
      3.0
    ],
    "log10_A": [
      -3.0,
      1.0
    ]
  },
  "median_params": {
    "log10_fpeak": -6.6576248717610085,
    "width": 1.554062044471917,
    "log10_A": -0.7193056540012566
  },
  "ci_68": {
    "log10_fpeak": [
      -7.377045720622135,
      -5.563575990400126
    ],
    "width": [
      0.6592245575945339,
      2.436943137061416
    ],
    "log10_A": [
      -1.2841290019763834,
      -0.16481152756469353
    ]
  },
  "output_dir": "/Volumes/MacData_External/Physics-Novel-Paper/研究计划2026/课题1-PTA引力波/results/prl_reference_bridge/P5_frequency_cut/all/SIGW-Gaussian"
}
