{
  "model": "PBH-SIGW-Analytic",
  "tier": "hybrid3",
  "ln_Z": -154.5500425014541,
  "ln_Z_err": 0.11355798349912578,
  "n_dim": 3,
  "nlive": 500,
  "dlogz": 0.1,
  "seed": 20260422,
  "n_likelihood_calls": 71672,
  "wall_seconds": 532.9708757400513,
  "param_names": [
    "log10_A_zeta",
    "log10_f_star",
    "sigma_ps"
  ],
  "prior_range": {
    "log10_A_zeta": [
      -3.0,
      0.0
    ],
    "log10_f_star": [
      -10.0,
      -6.0
    ],
    "sigma_ps": [
      0.1,
      3.0
    ]
  },
  "median_params": {
    "log10_A_zeta": -2.0767691296281012,
    "log10_f_star": -7.256058005194642,
    "sigma_ps": 1.3580627457542302
  },
  "ci_68": {
    "log10_A_zeta": [
      -2.22859008812203,
      -1.3005916729920084
    ],
    "log10_f_star": [
      -7.638237499893407,
      -6.643769653145136
    ],
    "sigma_ps": [
      0.6935731760784384,
      2.347038168073359
    ]
  },
  "output_dir": "/Volumes/MacData_External/Physics-Novel-Paper/研究计划2026/课题1-PTA引力波/results/prl_reference_bridge/P2_hybrid3/PBH-SIGW-Analytic"
}
