{
  "model": "SMBHB-Env",
  "tier": "local3",
  "ln_Z": -63.52701347320343,
  "ln_Z_err": 0.12328687389941013,
  "n_dim": 3,
  "nlive": 500,
  "dlogz": 0.1,
  "seed": 20260422,
  "n_likelihood_calls": 79156,
  "wall_seconds": 7.6075592041015625,
  "param_names": [
    "log10_A",
    "log10_fbend",
    "kappa"
  ],
  "prior_range": {
    "log10_A": [
      -18.0,
      -11.0
    ],
    "log10_fbend": [
      -9.8,
      -7.0
    ],
    "kappa": [
      0.5,
      8.0
    ]
  },
  "median_params": {
    "log10_A": -14.535930230147214,
    "log10_fbend": -8.49420321191097,
    "kappa": 2.8685937587520103
  },
  "ci_68": {
    "log10_A": [
      -14.626792688820833,
      -14.390164291169395
    ],
    "log10_fbend": [
      -8.707998804828389,
      -8.068367133066214
    ],
    "kappa": [
      1.2201442924429426,
      5.629691158011989
    ]
  },
  "output_dir": "/Volumes/MacData_External/Physics-Novel-Paper/研究计划2026/课题1-PTA引力波/results/prl_reference_bridge/P2_local3/SMBHB-Env"
}
