{
  "model": "SIGW-Gaussian",
  "tier": "hybrid3",
  "ln_Z": -103.87645436543268,
  "ln_Z_err": 0.1773944507466896,
  "n_dim": 3,
  "nlive": 250,
  "dlogz": 0.2,
  "seed": 20260422,
  "n_likelihood_calls": 29103,
  "wall_seconds": 5.359119892120361,
  "param_names": [
    "log10_fpeak",
    "width",
    "log10_A"
  ],
  "prior_range": {
    "log10_fpeak": [
      -11.0,
      -5.0
    ],
    "width": [
      0.1,
      3.0
    ],
    "log10_A": [
      -3.0,
      1.0
    ]
  },
  "median_params": {
    "log10_fpeak": -6.327496634020954,
    "width": 1.4769284067274802,
    "log10_A": -0.4694287944705873
  },
  "ci_68": {
    "log10_fpeak": [
      -7.25507564137673,
      -5.422749912789079
    ],
    "width": [
      0.5804822443494926,
      2.226383614015795
    ],
    "log10_A": [
      -1.1914980723891384,
      0.24692235050873945
    ]
  },
  "output_dir": "/Volumes/MacData_External/Physics-Novel-Paper/研究计划2026/课题1-PTA引力波/results/prl_reference_bridge/P5_frequency_cut/le_20_nHz/SIGW-Gaussian"
}
