{
  "model": "SIGW-Gaussian",
  "tier": "hybrid3",
  "ln_Z": -57.60044546881698,
  "ln_Z_err": 0.17190205691843846,
  "n_dim": 3,
  "nlive": 250,
  "dlogz": 0.2,
  "seed": 20260422,
  "n_likelihood_calls": 26638,
  "wall_seconds": 4.604716062545776,
  "param_names": [
    "log10_fpeak",
    "width",
    "log10_A"
  ],
  "prior_range": {
    "log10_fpeak": [
      -11.0,
      -5.0
    ],
    "width": [
      0.1,
      3.0
    ],
    "log10_A": [
      -3.0,
      1.0
    ]
  },
  "median_params": {
    "log10_fpeak": -6.41952620234231,
    "width": 1.2881670971400685,
    "log10_A": -0.5157737542541998
  },
  "ci_68": {
    "log10_fpeak": [
      -7.309106151551968,
      -5.604699720536662
    ],
    "width": [
      0.5476471940136973,
      2.1380235406315884
    ],
    "log10_A": [
      -1.2300508683453413,
      0.2972894462929433
    ]
  },
  "output_dir": "/Volumes/MacData_External/Physics-Novel-Paper/研究计划2026/课题1-PTA引力波/results/prl_reference_bridge/P5_frequency_cut/le_12_nHz/SIGW-Gaussian"
}
