{
  "model": "SMBHB-Eccentric",
  "tier": "hybrid3",
  "ln_Z": -58.21215507967578,
  "ln_Z_err": 0.18275255313488628,
  "n_dim": 3,
  "nlive": 250,
  "dlogz": 0.2,
  "seed": 20260422,
  "n_likelihood_calls": 31280,
  "wall_seconds": 2.3299660682678223,
  "param_names": [
    "log10_A",
    "log10_fe",
    "beta"
  ],
  "prior_range": {
    "log10_A": [
      -18.0,
      -11.0
    ],
    "log10_fe": [
      -10.0,
      -6.8
    ],
    "beta": [
      0.0,
      3.0
    ]
  },
  "median_params": {
    "log10_A": -14.533129944866287,
    "log10_fe": -8.51442897598347,
    "beta": 1.2218681885561664
  },
  "ci_68": {
    "log10_A": [
      -14.655997474964677,
      -14.290513484516355
    ],
    "log10_fe": [
      -8.902339327050555,
      -7.738501073960012
    ],
    "beta": [
      0.5281724613733715,
      2.4075996614185873
    ]
  },
  "output_dir": "/Volumes/MacData_External/Physics-Novel-Paper/研究计划2026/课题1-PTA引力波/results/prl_reference_bridge/P5_frequency_cut/le_12_nHz/SMBHB-Eccentric"
}
