{
  "model": "SIGW-Gaussian",
  "tier": "ng15_local",
  "ln_Z": -17.090973682406254,
  "ln_Z_err": 0.11395748938554404,
  "n_dim": 3,
  "nlive": 500,
  "dlogz": 0.1,
  "seed": 20260422,
  "n_likelihood_calls": 65706,
  "wall_seconds": 4.938855171203613,
  "param_names": [
    "log10_fpeak",
    "width",
    "log10_A"
  ],
  "prior_range": {
    "log10_fpeak": [
      -11.0,
      -5.0
    ],
    "width": [
      0.1,
      3.0
    ],
    "log10_A": [
      -3.0,
      1.0
    ]
  },
  "median_params": {
    "log10_fpeak": -6.200178527800232,
    "width": 1.1343074691575734,
    "log10_A": -0.1994168879055418
  },
  "ci_68": {
    "log10_fpeak": [
      -6.981106303147026,
      -5.482697453225395
    ],
    "width": [
      0.4440775723360901,
      1.899065984813375
    ],
    "log10_A": [
      -0.8613601729693554,
      0.47474625065936316
    ]
  },
  "output_dir": "/Volumes/MacData_External/Physics-Novel-Paper/研究计划2026/课题1-PTA引力波/results/prl_reference_bridge/P1_ng15_local/SIGW-Gaussian"
}
