{
  "model": "Cosmic-Superstrings",
  "tier": "hybrid3",
  "ln_Z": -154.3478709494557,
  "ln_Z_err": 0.07895886177231642,
  "n_dim": 2,
  "nlive": 1000,
  "dlogz": 0.1,
  "seed": 20260422,
  "n_likelihood_calls": 45061,
  "wall_seconds": 10.050708055496216,
  "param_names": [
    "log10_Gmu",
    "log10_P"
  ],
  "prior_range": {
    "log10_Gmu": [
      -14.0,
      -6.0
    ],
    "log10_P": [
      -3.0,
      0.0
    ]
  },
  "median_params": {
    "log10_Gmu": -11.635211165013134,
    "log10_P": -2.039105652079578
  },
  "ci_68": {
    "log10_Gmu": [
      -11.98910487508317,
      -11.228547116930695
    ],
    "log10_P": [
      -2.6800233931648947,
      -1.3636403529179006
    ]
  },
  "output_dir": "/Volumes/MacData_External/Physics-Novel-Paper/研究计划2026/课题1-PTA引力波/results/prl_reference_bridge/P6_stability/nlive1000_seed20260422/Cosmic-Superstrings"
}
