{
  "model": "SIGW-Gaussian",
  "tier": "hybrid3",
  "ln_Z": -35.101604388562706,
  "ln_Z_err": 0.171813293843864,
  "n_dim": 3,
  "nlive": 250,
  "dlogz": 0.2,
  "seed": 20260422,
  "n_likelihood_calls": 24986,
  "wall_seconds": 4.190467119216919,
  "param_names": [
    "log10_fpeak",
    "width",
    "log10_A"
  ],
  "prior_range": {
    "log10_fpeak": [
      -11.0,
      -5.0
    ],
    "width": [
      0.1,
      3.0
    ],
    "log10_A": [
      -3.0,
      1.0
    ]
  },
  "median_params": {
    "log10_fpeak": -6.360737622469089,
    "width": 1.1918747075448994,
    "log10_A": -0.40964234268331845
  },
  "ci_68": {
    "log10_fpeak": [
      -7.238191268654509,
      -5.439403783602131
    ],
    "width": [
      0.39750066732497674,
      2.106631150948928
    ],
    "log10_A": [
      -1.1891748772206898,
      0.48895081024114084
    ]
  },
  "output_dir": "/Volumes/MacData_External/Physics-Novel-Paper/研究计划2026/课题1-PTA引力波/results/prl_reference_bridge/P5_frequency_cut/le_8_nHz/SIGW-Gaussian"
}
