{
  "model": "SIGW-Delta",
  "tier": "hybrid3",
  "ln_Z": -154.60075870520592,
  "ln_Z_err": 0.08057163911440435,
  "n_dim": 2,
  "nlive": 1000,
  "dlogz": 0.1,
  "seed": 20260422,
  "n_likelihood_calls": 40540,
  "wall_seconds": 8.68448805809021,
  "param_names": [
    "log10_f_peak",
    "log10_A"
  ],
  "prior_range": {
    "log10_f_peak": [
      -11.0,
      -5.0
    ],
    "log10_A": [
      -3.0,
      1.0
    ]
  },
  "median_params": {
    "log10_f_peak": -6.1038259197363205,
    "log10_A": -0.9280094363838427
  },
  "ci_68": {
    "log10_f_peak": [
      -6.8574645076237575,
      -5.3741017153014425
    ],
    "log10_A": [
      -1.480026620094508,
      -0.32722621162824145
    ]
  },
  "output_dir": "/Volumes/MacData_External/Physics-Novel-Paper/研究计划2026/课题1-PTA引力波/results/prl_reference_bridge/P6_stability/nlive1000_seed20260422/SIGW-Delta"
}
