{
  "model": "SMBHB-Eccentric",
  "tier": "hybrid3",
  "ln_Z": -104.57969525403198,
  "ln_Z_err": 0.1910121224267605,
  "n_dim": 3,
  "nlive": 250,
  "dlogz": 0.2,
  "seed": 20260422,
  "n_likelihood_calls": 32958,
  "wall_seconds": 2.840855121612549,
  "param_names": [
    "log10_A",
    "log10_fe",
    "beta"
  ],
  "prior_range": {
    "log10_A": [
      -18.0,
      -11.0
    ],
    "log10_fe": [
      -10.0,
      -6.8
    ],
    "beta": [
      0.0,
      3.0
    ]
  },
  "median_params": {
    "log10_A": -14.46976121848942,
    "log10_fe": -8.384754565662433,
    "beta": 1.0426839729784458
  },
  "ci_68": {
    "log10_A": [
      -14.594974504170645,
      -14.184135672861395
    ],
    "log10_fe": [
      -8.744244196482185,
      -7.351577041460023
    ],
    "beta": [
      0.4998307098633056,
      2.310937832144991
    ]
  },
  "output_dir": "/Volumes/MacData_External/Physics-Novel-Paper/研究计划2026/课题1-PTA引力波/results/prl_reference_bridge/P5_frequency_cut/le_20_nHz/SMBHB-Eccentric"
}
