{
  "model": "SMBHB-BrokenPL",
  "tier": "hybrid3",
  "ln_Z": -35.68926331471952,
  "ln_Z_err": 0.181070395188921,
  "n_dim": 4,
  "nlive": 250,
  "dlogz": 0.2,
  "seed": 20260422,
  "n_likelihood_calls": 31873,
  "wall_seconds": 2.3215696811676025,
  "param_names": [
    "log10_A",
    "log10_fbend",
    "delta",
    "kappa"
  ],
  "prior_range": {
    "log10_A": [
      -18.0,
      -11.0
    ],
    "log10_fbend": [
      -10.0,
      -6.8
    ],
    "delta": [
      0.0,
      6.0
    ],
    "kappa": [
      0.5,
      8.0
    ]
  },
  "median_params": {
    "log10_A": -14.509714783153365,
    "log10_fbend": -8.438899692342762,
    "delta": 2.214805633845344,
    "kappa": 3.6202538041368424
  },
  "ci_68": {
    "log10_A": [
      -14.65571223684546,
      -14.135511351851079
    ],
    "log10_fbend": [
      -8.886176040459988,
      -7.469343335453344
    ],
    "delta": [
      1.0194565337666193,
      4.62666505832949
    ],
    "kappa": [
      1.3837857925390225,
      6.634679638802088
    ]
  },
  "output_dir": "/Volumes/MacData_External/Physics-Novel-Paper/研究计划2026/课题1-PTA引力波/results/prl_reference_bridge/P5_frequency_cut/le_8_nHz/SMBHB-BrokenPL"
}
