{
  "model": "PhaseTransition-Total",
  "tier": "hybrid3",
  "ln_Z": -156.23001011285217,
  "ln_Z_err": 0.13055738685971513,
  "n_dim": 5,
  "nlive": 500,
  "dlogz": 0.1,
  "seed": 20260422,
  "n_likelihood_calls": 92794,
  "wall_seconds": 17.123374938964844,
  "param_names": [
    "log10_T_star",
    "log10_alpha",
    "log10_beta_H",
    "v_w",
    "epsilon"
  ],
  "prior_range": {
    "log10_T_star": [
      -3.0,
      3.0
    ],
    "log10_alpha": [
      -2.0,
      2.0
    ],
    "log10_beta_H": [
      0.0,
      4.0
    ],
    "v_w": [
      0.1,
      1.0
    ],
    "epsilon": [
      0.01,
      0.2
    ]
  },
  "median_params": {
    "log10_T_star": -1.7048574507739975,
    "log10_alpha": -0.02375298318021224,
    "log10_beta_H": 0.8813338077207127,
    "v_w": 0.6006477340878821,
    "epsilon": 0.1016319772342862
  },
  "ci_68": {
    "log10_T_star": [
      -2.5763822168920507,
      -1.010426522859604
    ],
    "log10_alpha": [
      -0.5355857023501318,
      0.7688611357957291
    ],
    "log10_beta_H": [
      0.3464201509181634,
      1.346967181740939
    ],
    "v_w": [
      0.28300920308934596,
      0.8758034590759326
    ],
    "epsilon": [
      0.039841503185947334,
      0.17166247749819938
    ]
  },
  "output_dir": "/Volumes/MacData_External/Physics-Novel-Paper/研究计划2026/课题1-PTA引力波/results/prl_reference_bridge/P2_hybrid3/PhaseTransition-Total"
}
