{
  "generated": "2026-04-18 19:46:41",
  "Tspan_yr": 16.029777268872298,
  "N_bins": 14,
  "freqs_Hz": [
    1.9768264575680047e-09,
    3.953652915136009e-09,
    5.930479372704014e-09,
    7.907305830272019e-09,
    9.884132287840023e-09,
    1.1860958745408028e-08,
    1.3837785202976033e-08,
    1.5814611660544037e-08,
    1.7791438118112042e-08,
    1.9768264575680047e-08,
    2.174509103324805e-08,
    2.3721917490816056e-08,
    2.569874394838406e-08,
    2.7675570405952065e-08
  ],
  "results": {
    "smbhb": {
      "model": "smbhb",
      "dim": 1,
      "lnZ": -20.16210371027313,
      "lnZerr": 0.09878919246996655,
      "niter": 2960,
      "runtime_s": 96.37928509712219,
      "bestfit": [
        -14.584388592196413
      ],
      "posterior_mean": [
        -14.584926259344927
      ],
      "posterior_std": [
        0.07313353435523642
      ],
      "lnB_vs_smbhb": 0.0,
      "lnB_err": 0.13970901580691272,
      "B_vs_smbhb": 1.0,
      "B_err": 0.13970901580691272
    },
    "cs_stable": {
      "model": "cs_stable",
      "dim": 1,
      "lnZ": -48.43284801313545,
      "lnZerr": 0.10997424725007378,
      "niter": 3301,
      "runtime_s": 114.87972474098206,
      "bestfit": [
        -6.724501103163485
      ],
      "posterior_mean": [
        -6.432417707072266
      ],
      "posterior_std": [
        0.31253015981399346
      ],
      "lnB_vs_smbhb": -28.27074430286232,
      "lnB_err": 0.1478297656329349,
      "B_vs_smbhb": 5.274384056796275e-13,
      "B_err": 7.797109589742816e-14
    },
    "sigw_gauss": {
      "model": "sigw_gauss",
      "dim": 3,
      "lnZ": -21.751959530006012,
      "lnZerr": 0.11846905543985627,
      "niter": 4174,
      "runtime_s": 170.5318100452423,
      "bestfit": [
        -1.24392979885193,
        -7.91516689967877,
        0.249963648163855
      ],
      "posterior_mean": [
        -1.3874536157162343,
        -8.119855716104324,
        1.6997985030784124
      ],
      "posterior_std": [
        0.4295826596648212,
        0.5264850233276798,
        0.786555436247093
      ],
      "lnB_vs_smbhb": -1.5898558197328825,
      "lnB_err": 0.15425375731462698,
      "B_vs_smbhb": 0.2039550159030849,
      "B_err": 0.031460827526215346
    }
  }
}