{
  "task": "D2b",
  "status": "complete",
  "generated": "2026-04-21 10:12:49",
  "N_bins_list": [
    6,
    8,
    10,
    12,
    14,
    18,
    22,
    26,
    30
  ],
  "nlive": 400,
  "dlogz": 0.1,
  "seed": 42,
  "kde_grid_size": 4096,
  "scan": [
    {
      "N_bins": 6,
      "results": {
        "smbhb": {
          "lnZ": -4.6601320336256915,
          "lnZerr": 0.10890448550349595,
          "dt_s": 1.1471989154815674,
          "lnB_vs_smbhb": 0.0,
          "lnB_err": 0.1540142004023081
        },
        "sigw_gauss": {
          "lnZ": -5.483749024873339,
          "lnZerr": 0.11699238231387844,
          "dt_s": 1.5215060710906982,
          "lnB_vs_smbhb": -0.8236169912476479,
          "lnB_err": 0.15983555449979786
        },
        "cs_stable": {
          "lnZ": -28.905223161341944,
          "lnZerr": 0.11855910887268445,
          "dt_s": 1.2465991973876953,
          "lnB_vs_smbhb": -24.24509112771625,
          "lnB_err": 0.16098586664507603
        }
      }
    },
    {
      "N_bins": 8,
      "results": {
        "smbhb": {
          "lnZ": -8.174478760470171,
          "lnZerr": 0.11009471881874358,
          "dt_s": 1.2290730476379395,
          "lnB_vs_smbhb": 0.0,
          "lnB_err": 0.1556974444991196
        },
        "sigw_gauss": {
          "lnZ": -7.958504521797537,
          "lnZerr": 0.12260002844577582,
          "dt_s": 1.4445991516113281,
          "lnB_vs_smbhb": 0.21597423867263377,
          "lnB_err": 0.16477746838291712
        },
        "cs_stable": {
          "lnZ": -35.82011207240641,
          "lnZerr": 0.12111890017738072,
          "dt_s": 1.4357879161834717,
          "lnB_vs_smbhb": -27.645633311936237,
          "lnB_err": 0.1636784502980051
        }
      }
    },
    {
      "N_bins": 10,
      "results": {
        "smbhb": {
          "lnZ": -12.29012105588478,
          "lnZerr": 0.11019586461202634,
          "dt_s": 1.3261702060699463,
          "lnB_vs_smbhb": 0.0,
          "lnB_err": 0.15584048625175703
        },
        "sigw_gauss": {
          "lnZ": -13.144880428691327,
          "lnZerr": 0.12396192446213163,
          "dt_s": 1.7935161590576172,
          "lnB_vs_smbhb": -0.8547593728065461,
          "lnB_err": 0.16586044523619026
        },
        "cs_stable": {
          "lnZ": -39.920834197877674,
          "lnZerr": 0.12097524418347731,
          "dt_s": 1.5289020538330078,
          "lnB_vs_smbhb": -27.630713141992892,
          "lnB_err": 0.16364027096911077
        }
      }
    },
    {
      "N_bins": 12,
      "results": {
        "smbhb": {
          "lnZ": -15.747072857880577,
          "lnZerr": 0.1104296538540297,
          "dt_s": 1.4669179916381836,
          "lnB_vs_smbhb": 0.0,
          "lnB_err": 0.15617111416853513
        },
        "sigw_gauss": {
          "lnZ": -16.626834288315536,
          "lnZerr": 0.12706302268138578,
          "dt_s": 2.0416860580444336,
          "lnB_vs_smbhb": -0.879761430434959,
          "lnB_err": 0.16834405300826985
        },
        "cs_stable": {
          "lnZ": -44.325451065223454,
          "lnZerr": 0.1199084006532372,
          "dt_s": 1.6350278854370117,
          "lnB_vs_smbhb": -28.57837820734288,
          "lnB_err": 0.1630114505105027
        }
      }
    },
    {
      "N_bins": 14,
      "results": {
        "smbhb": {
          "lnZ": -20.21906209639528,
          "lnZerr": 0.11042192377896405,
          "dt_s": 1.5098717212677002,
          "lnB_vs_smbhb": 0.0,
          "lnB_err": 0.15616018219153913
        },
        "sigw_gauss": {
          "lnZ": -21.768882130913216,
          "lnZerr": 0.1309915545868658,
          "dt_s": 2.4664440155029297,
          "lnB_vs_smbhb": -1.5498200345179356,
          "lnB_err": 0.17132363708528717
        },
        "cs_stable": {
          "lnZ": -48.33986244227627,
          "lnZerr": 0.12045333311007188,
          "dt_s": 1.7413592338562012,
          "lnB_vs_smbhb": -28.12080034588099,
          "lnB_err": 0.16340748669621377
        }
      }
    },
    {
      "N_bins": 18,
      "results": {
        "smbhb": {
          "lnZ": -29.031010265566284,
          "lnZerr": 0.11047044436367456,
          "dt_s": 1.721492052078247,
          "lnB_vs_smbhb": 0.0,
          "lnB_err": 0.156228800660491
        },
        "sigw_gauss": {
          "lnZ": -30.55155920513285,
          "lnZerr": 0.1315640644377105,
          "dt_s": 2.6357228755950928,
          "lnB_vs_smbhb": -1.5205489395665666,
          "lnB_err": 0.17179296297950553
        },
        "cs_stable": {
          "lnZ": -57.141692303834006,
          "lnZerr": 0.1193889037567922,
          "dt_s": 1.918341875076294,
          "lnB_vs_smbhb": -28.110682038267722,
          "lnB_err": 0.16265739890381964
        }
      }
    },
    {
      "N_bins": 22,
      "results": {
        "smbhb": {
          "lnZ": -37.06079251695555,
          "lnZerr": 0.11037727451345246,
          "dt_s": 1.995439052581787,
          "lnB_vs_smbhb": 0.0,
          "lnB_err": 0.15609703859470264
        },
        "sigw_gauss": {
          "lnZ": -38.36913855066658,
          "lnZerr": 0.1322132179819042,
          "dt_s": 2.9885597229003906,
          "lnB_vs_smbhb": -1.3083460337110253,
          "lnB_err": 0.17223088497173947
        },
        "cs_stable": {
          "lnZ": -65.7315218067284,
          "lnZerr": 0.11922640593629262,
          "dt_s": 2.224055051803589,
          "lnB_vs_smbhb": -28.670729289772844,
          "lnB_err": 0.16247485528999148
        }
      }
    },
    {
      "N_bins": 26,
      "results": {
        "smbhb": {
          "lnZ": -46.02992981955409,
          "lnZerr": 0.1102300088175432,
          "dt_s": 2.0906240940093994,
          "lnB_vs_smbhb": 0.0,
          "lnB_err": 0.15588877345027546
        },
        "sigw_gauss": {
          "lnZ": -45.82606072872656,
          "lnZerr": 0.12470465784538319,
          "dt_s": 2.556662082672119,
          "lnB_vs_smbhb": 0.20386909082753135,
          "lnB_err": 0.1664388972934204
        },
        "cs_stable": {
          "lnZ": -75.14341174878076,
          "lnZerr": 0.11937776989954757,
          "dt_s": 2.3593220710754395,
          "lnB_vs_smbhb": -29.113481929226673,
          "lnB_err": 0.1624860202913007
        }
      }
    },
    {
      "N_bins": 30,
      "results": {
        "smbhb": {
          "lnZ": -54.17981976689159,
          "lnZerr": 0.11022202501320925,
          "dt_s": 2.7666728496551514,
          "lnB_vs_smbhb": 0.0,
          "lnB_err": 0.15587748264590703
        },
        "sigw_gauss": {
          "lnZ": -54.77165366690063,
          "lnZerr": 0.12897424906776148,
          "dt_s": 3.0770158767700195,
          "lnB_vs_smbhb": -0.5918339000090427,
          "lnB_err": 0.16965627521729193
        },
        "cs_stable": {
          "lnZ": -83.34170044980182,
          "lnZerr": 0.12003012457558201,
          "dt_s": 2.37778902053833,
          "lnB_vs_smbhb": -29.16188068291023,
          "lnB_err": 0.16296050320136554
        }
      }
    }
  ],
  "drift_analysis": {
    "sigw_gauss": {
      "lnB_N6": -0.8236169912476479,
      "lnB_N14": -1.5498200345179356,
      "lnB_N30": -0.5918339000090427,
      "span": 0.9579861345088929,
      "monotonic": false
    },
    "cs_stable": {
      "lnB_N6": -24.24509112771625,
      "lnB_N14": -28.12080034588099,
      "lnB_N30": -29.16188068291023,
      "span": 4.916789555193979,
      "monotonic": true
    }
  },
  "pilot_gates": {
    "G3_drift_ge_2nats": true,
    "G4_monotonic_and_ge_2nats": true
  },
  "runtime_min": 0.8708685835202535
}