{
  "model": "PBH-SIGW-Analytic",
  "tier": "hybrid3",
  "ln_Z": -154.52796515365327,
  "ln_Z_err": 0.11279616828640782,
  "n_dim": 3,
  "nlive": 500,
  "dlogz": 0.1,
  "seed": 20260423,
  "n_likelihood_calls": 71584,
  "wall_seconds": 529.4640960693359,
  "param_names": [
    "log10_A_zeta",
    "log10_f_star",
    "sigma_ps"
  ],
  "prior_range": {
    "log10_A_zeta": [
      -3.0,
      0.0
    ],
    "log10_f_star": [
      -10.0,
      -6.0
    ],
    "sigma_ps": [
      0.1,
      3.0
    ]
  },
  "median_params": {
    "log10_A_zeta": -2.0805103823271516,
    "log10_f_star": -7.258211744731472,
    "sigma_ps": 1.2885539159269437
  },
  "ci_68": {
    "log10_A_zeta": [
      -2.245229956975361,
      -1.4021764244727304
    ],
    "log10_f_star": [
      -7.723227112639551,
      -6.70316933020478
    ],
    "sigma_ps": [
      0.5983505031141695,
      2.3101144406630163
    ]
  },
  "output_dir": "/Volumes/MacData_External/Physics-Novel-Paper/研究计划2026/课题1-PTA引力波/results/prl_reference_bridge/P6_stability/nlive500_seed20260423/PBH-SIGW-Analytic"
}
