{
  "model": "SIGW-Gaussian",
  "tier": "local3",
  "ln_Z": -63.04613946870363,
  "ln_Z_err": 0.1143433812585084,
  "n_dim": 3,
  "nlive": 500,
  "dlogz": 0.1,
  "seed": 20260422,
  "n_likelihood_calls": 73512,
  "wall_seconds": 14.23354697227478,
  "param_names": [
    "log10_fpeak",
    "width",
    "log10_A"
  ],
  "prior_range": {
    "log10_fpeak": [
      -11.0,
      -5.0
    ],
    "width": [
      0.1,
      3.0
    ],
    "log10_A": [
      -3.0,
      1.0
    ]
  },
  "median_params": {
    "log10_fpeak": -6.70707339691876,
    "width": 1.5144780299176066,
    "log10_A": -0.7817325961486972
  },
  "ci_68": {
    "log10_fpeak": [
      -7.409990319905107,
      -5.593615005494584
    ],
    "width": [
      0.5967056760935604,
      2.4025666762125817
    ],
    "log10_A": [
      -1.3311569612671112,
      -0.16592286639797546
    ]
  },
  "output_dir": "/Volumes/MacData_External/Physics-Novel-Paper/研究计划2026/课题1-PTA引力波/results/prl_reference_bridge/P2_local3/SIGW-Gaussian"
}
