{
  "model": "PBH-SIGW-Analytic",
  "tier": "hybrid3",
  "ln_Z": -154.5500425014541,
  "ln_Z_err": 0.11355798349912578,
  "n_dim": 3,
  "nlive": 500,
  "dlogz": 0.1,
  "seed": 20260422,
  "n_likelihood_calls": 71672,
  "wall_seconds": 534.1746470928192,
  "param_names": [
    "log10_A_zeta",
    "log10_f_star",
    "sigma_ps"
  ],
  "prior_range": {
    "log10_A_zeta": [
      -3.0,
      0.0
    ],
    "log10_f_star": [
      -10.0,
      -6.0
    ],
    "sigma_ps": [
      0.1,
      3.0
    ]
  },
  "median_params": {
    "log10_A_zeta": -2.0765803634886213,
    "log10_f_star": -7.255565954280619,
    "sigma_ps": 1.3567245693444947
  },
  "ci_68": {
    "log10_A_zeta": [
      -2.228568803661478,
      -1.290231461053949
    ],
    "log10_f_star": [
      -7.633070489080406,
      -6.651193038882584
    ],
    "sigma_ps": [
      0.6949699801534737,
      2.3308582596376732
    ]
  },
  "output_dir": "/Volumes/MacData_External/Physics-Novel-Paper/研究计划2026/课题1-PTA引力波/results/prl_reference_bridge/P6_stability/nlive500_seed20260422/PBH-SIGW-Analytic"
}
