{
  "model": "PBH-SIGW-Analytic",
  "tier": "hybrid3",
  "ln_Z": -103.39465975638912,
  "ln_Z_err": 0.16526666112247362,
  "n_dim": 3,
  "nlive": 250,
  "dlogz": 0.2,
  "seed": 20260422,
  "n_likelihood_calls": 27422,
  "wall_seconds": 198.5755650997162,
  "param_names": [
    "log10_A_zeta",
    "log10_f_star",
    "sigma_ps"
  ],
  "prior_range": {
    "log10_A_zeta": [
      -3.0,
      0.0
    ],
    "log10_f_star": [
      -10.0,
      -6.0
    ],
    "sigma_ps": [
      0.1,
      3.0
    ]
  },
  "median_params": {
    "log10_A_zeta": -1.4279476566632399,
    "log10_f_star": -6.771365266283084,
    "sigma_ps": 1.23968373029191
  },
  "ci_68": {
    "log10_A_zeta": [
      -2.137131307371554,
      -0.9730848117192945
    ],
    "log10_f_star": [
      -7.423410150110882,
      -6.219930409641305
    ],
    "sigma_ps": [
      0.44943784541537857,
      2.2635690187900868
    ]
  },
  "output_dir": "/Volumes/MacData_External/Physics-Novel-Paper/研究计划2026/课题1-PTA引力波/results/prl_reference_bridge/P5_frequency_cut/le_20_nHz/PBH-SIGW-Analytic"
}
