template_a,template_b,pearson
all,z_0p1_0p2,-0.019491238662160817
all,z_0p2_0p3,0.6127378095214654
all,z_0p3_0p4,0.9084657165469449
all,z_0p1_0p4,1.0
z_0p1_0p2,z_0p2_0p3,-0.3697887057530131
z_0p1_0p2,z_0p3_0p4,-0.22521688188994507
z_0p1_0p2,z_0p1_0p4,-0.019491238662160817
z_0p2_0p3,z_0p3_0p4,0.38447437220450886
z_0p2_0p3,z_0p1_0p4,0.6127378095214654
z_0p3_0p4,z_0p1_0p4,0.908465716546945
