{
  "model": "SMBHB-Eccentric",
  "tier": "hybrid3",
  "ln_Z": -155.04008746027674,
  "ln_Z_err": 0.1212961541174328,
  "n_dim": 3,
  "nlive": 500,
  "dlogz": 0.1,
  "seed": 20260422,
  "n_likelihood_calls": 76030,
  "wall_seconds": 7.450775146484375,
  "param_names": [
    "log10_A",
    "log10_fe",
    "beta"
  ],
  "prior_range": {
    "log10_A": [
      -18.0,
      -11.0
    ],
    "log10_fe": [
      -10.0,
      -6.8
    ],
    "beta": [
      0.0,
      3.0
    ]
  },
  "median_params": {
    "log10_A": -14.509955129224469,
    "log10_fe": -8.50342817167661,
    "beta": 1.3278055629912096
  },
  "ci_68": {
    "log10_A": [
      -14.607192918505548,
      -14.373911373259432
    ],
    "log10_fe": [
      -8.802457781239731,
      -7.972060902660488
    ],
    "beta": [
      0.5480788179965861,
      2.3718129733674993
    ]
  },
  "output_dir": "/Volumes/MacData_External/Physics-Novel-Paper/研究计划2026/课题1-PTA引力波/results/prl_reference_bridge/P2_hybrid3/SMBHB-Eccentric"
}
