{
  "model": "SIGW-Delta",
  "tier": "hybrid3",
  "ln_Z": -154.42773969145904,
  "ln_Z_err": 0.10888232090086097,
  "n_dim": 2,
  "nlive": 500,
  "dlogz": 0.1,
  "seed": 20260423,
  "n_likelihood_calls": 19781,
  "wall_seconds": 4.389719724655151,
  "param_names": [
    "log10_f_peak",
    "log10_A"
  ],
  "prior_range": {
    "log10_f_peak": [
      -11.0,
      -5.0
    ],
    "log10_A": [
      -3.0,
      1.0
    ]
  },
  "median_params": {
    "log10_f_peak": -6.1088238847658936,
    "log10_A": -0.9309432060303604
  },
  "ci_68": {
    "log10_f_peak": [
      -6.838400791367062,
      -5.345667010758875
    ],
    "log10_A": [
      -1.4724850318128264,
      -0.3135100302981572
    ]
  },
  "output_dir": "/Volumes/MacData_External/Physics-Novel-Paper/研究计划2026/课题1-PTA引力波/results/prl_reference_bridge/P6_stability/nlive500_seed20260423/SIGW-Delta"
}
