{
  "model": "SMBHB-BrokenPL",
  "tier": "hybrid3",
  "ln_Z": -19.603143460902114,
  "ln_Z_err": 0.16261153007084522,
  "n_dim": 4,
  "nlive": 250,
  "dlogz": 0.2,
  "seed": 20260422,
  "n_likelihood_calls": 24371,
  "wall_seconds": 1.6518630981445312,
  "param_names": [
    "log10_A",
    "log10_fbend",
    "delta",
    "kappa"
  ],
  "prior_range": {
    "log10_A": [
      -18.0,
      -11.0
    ],
    "log10_fbend": [
      -10.0,
      -6.8
    ],
    "delta": [
      0.0,
      6.0
    ],
    "kappa": [
      0.5,
      8.0
    ]
  },
  "median_params": {
    "log10_A": -14.188107316039504,
    "log10_fbend": -7.944993251076408,
    "delta": 2.8259873617543168,
    "kappa": 4.418372967051553
  },
  "ci_68": {
    "log10_A": [
      -14.683828980236232,
      -12.967757642010382
    ],
    "log10_fbend": [
      -8.74337703843706,
      -7.097614367778495
    ],
    "delta": [
      1.4732933914465454,
      4.367487710831127
    ],
    "kappa": [
      1.6438553436483314,
      6.89136620639226
    ]
  },
  "output_dir": "/Volumes/MacData_External/Physics-Novel-Paper/研究计划2026/课题1-PTA引力波/results/prl_reference_bridge/P5_frequency_cut/le_5_nHz/SMBHB-BrokenPL"
}
