{
  "model": "SIGW-Delta",
  "tier": "hybrid3",
  "ln_Z": -57.63507768557133,
  "ln_Z_err": 0.1691965434217187,
  "n_dim": 2,
  "nlive": 250,
  "dlogz": 0.2,
  "seed": 20260422,
  "n_likelihood_calls": 9913,
  "wall_seconds": 1.7592251300811768,
  "param_names": [
    "log10_f_peak",
    "log10_A"
  ],
  "prior_range": {
    "log10_f_peak": [
      -11.0,
      -5.0
    ],
    "log10_A": [
      -3.0,
      1.0
    ]
  },
  "median_params": {
    "log10_f_peak": -5.995742987065262,
    "log10_A": -0.8396410089972584
  },
  "ci_68": {
    "log10_f_peak": [
      -6.852586523310493,
      -5.290137732825002
    ],
    "log10_A": [
      -1.4968035265333552,
      -0.2555721584057683
    ]
  },
  "output_dir": "/Volumes/MacData_External/Physics-Novel-Paper/研究计划2026/课题1-PTA引力波/results/prl_reference_bridge/P5_frequency_cut/le_12_nHz/SIGW-Delta"
}
