{
  "task": "T1b.1",
  "generated": "2026-04-21 08:55:32",
  "source_core": "data/NG15yr/tutorials/presampled_cores/hd_30f_fs.core",
  "N_samples_postburn": 9188,
  "N_bins": 14,
  "T_obs_yr": 16.03,
  "mu_bin": [
    -7.6018057767090745,
    -6.819229695805873,
    -7.197305029920479,
    -7.962568554591372,
    -9.89121149306547,
    -10.960647617935054,
    -11.120439819693368,
    -7.858997018836112,
    -11.656377857936972,
    -11.270108232866717,
    -10.859650371357622,
    -11.169536062281898,
    -11.836481704632348,
    -11.832029471320066
  ],
  "diag_sigma": [
    5.381083992705495,
    0.023651855309940788,
    0.22596747675556056,
    2.495378639738119,
    7.051249355125304,
    6.261569855545491,
    6.186766384235753,
    1.3727400555886735,
    4.887639752620286,
    5.7820152828552756,
    6.471900353097501,
    5.860535462334452,
    4.44772323193851,
    4.454944386268369
  ],
  "gaussianity": {
    "skew": [
      -2.0282439696124968,
      -26.23650738561726,
      -10.967385558302443,
      -3.1251451731133626,
      -0.655238979598063,
      -0.14291390539597718,
      -0.07701952554942978,
      -4.409912621259972,
      -0.006170544022367592,
      -0.081115791506641,
      -0.22400593005460684,
      -0.14981980540712767,
      0.004375970042569533,
      0.04154412641748049
    ],
    "kurtosis": [
      5.786421878082241,
      1252.545844749397,
      140.3350927355702,
      12.001637405177187,
      1.9798267150565074,
      1.7575284975106988,
      1.7514064707682253,
      22.69011901327278,
      1.8161954453375688,
      1.7339141519301888,
      1.691076301925583,
      1.690824305493548,
      1.8285153358624178,
      1.845730877564051
    ],
    "n_bins_pass": 8
  },
  "correlation_structure": {
    "n_strong_offdiag_pairs_|corr|>=0.1": 7,
    "max_abs_offdiag": 0.22710641703790116
  },
  "eigendecomposition": {
    "eigvals_desc": [
      1.4826268320166065,
      1.2132949107906583,
      1.0843479371167175,
      1.0795745511334616,
      1.01715109468114,
      1.013850884041141,
      0.9875167765153835,
      0.971271860615696,
      0.9585148610462451,
      0.9377858762177845,
      0.906379834866189,
      0.8424740465183244,
      0.7972853782544392,
      0.7079251561862139
    ],
    "effective_rank": 13.555656320832977,
    "participation_ratio": [
      4.485579719248608,
      7.840118483399195,
      4.495809613320739,
      5.8639750116001075,
      3.200877783004227,
      2.3228913926172043,
      6.2161302212261536,
      5.9266130668787556,
      2.5974296514960673,
      5.393228891260971,
      4.181480318713858,
      4.109535870740504,
      3.1028975949001745,
      2.6925571039610183
    ],
    "marchenko_pastur_noise_upper": 1.07959360811418,
    "n_signal_modes_above_1p2_MP": 1
  },
  "pilot_gates": {
    "G1_pass": false,
    "G2_pass": false,
    "go_no_go": "INVESTIGATE"
  }
}