{
  "task": "T1b.3",
  "generated": "2026-04-21 09:03:12",
  "templates_evaluated_at": {
    "smbhb": {
      "log10_A": -14.584926259344927,
      "gamma": 4.333333333333333
    },
    "sigw_gauss": {
      "log10_As": -1.3874536157162343,
      "log10_fstar": -8.119855716104324,
      "Delta": 1.6997985030784124
    },
    "cs_stable": {
      "log10_Gmu": -6.432417707072266
    }
  },
  "spec_log10_rho": {
    "smbhb": [
      -6.1143503080686,
      -6.766581965340559,
      -7.148113026627868,
      -7.418813622612518,
      -7.628785317463307,
      -7.800344683899827,
      -7.945396061432823,
      -8.071045279884478,
      -8.181875745187137,
      -8.281016974735266,
      -8.37070112591142,
      -8.452576341171786,
      -8.527894238066747,
      -8.597627718704782
    ],
    "sigw_gauss": [
      -6.4344479643078305,
      -6.735477959971812,
      -6.911569219027493,
      -7.0633661961916125,
      -7.306922084042037,
      -7.507310698032056,
      -7.677711384608063,
      -7.826040938016528,
      -7.957433036366537,
      -8.075409008289272,
      -8.182490610598679,
      -8.280546521099653,
      -8.371000448658258,
      -8.454962344417924
    ],
    "cs_stable": [
      -8.492300855426391,
      -9.244875844586344,
      -9.685103992225548,
      -9.997450833746298,
      -10.239725866266438,
      -10.4376789813855,
      -10.605045955462034,
      -10.75002582290625,
      -10.877907129024704,
      -10.992300855426391,
      -11.095782568321955,
      -11.190253970545454,
      -11.277159236193484,
      -11.357620944621987
    ]
  },
  "projections_onto_corr_eigenmodes": {
    "smbhb": [
      -0.847194615318336,
      0.7659739790792832,
      -0.3802661949700494,
      -1.6050934688124532,
      -0.772499791973192,
      0.2077652139267669,
      -0.16466332267584866,
      2.329094275682104,
      -0.1981194668790659,
      0.8612335703869656,
      -1.5084056654442672,
      0.866398546162264,
      0.8548257348067125,
      1.013606184045217
    ],
    "sigw_gauss": [
      -0.7489771670605707,
      0.5562573103707403,
      -0.5712258754119329,
      -1.954049617294261,
      -0.9081293752716871,
      0.16770885327944007,
      0.02566667951498756,
      2.4080842903991813,
      -0.3202274472913764,
      1.062751540953732,
      -1.5962778954274905,
      1.1808845731851196,
      0.648578494277127,
      1.0473942487484145
    ],
    "cs_stable": [
      -1.0396378094887389,
      0.9983652226486455,
      7.796129157891247,
      6.318017755120153,
      -1.2556000434066488,
      2.2123882198526403,
      -5.393838290335901,
      2.279332134129589,
      11.783780703598303,
      0.28551667274074743,
      -0.14371460787094184,
      -0.09094972460053777,
      1.3705300275494858,
      0.19980192831648247
    ]
  },
  "D_metric_vs_smbhb": {
    "sigw_gauss": 0.4916933539495853,
    "cs_stable": 306.3014278436757
  },
  "chi2_comparison": {
    "sigw_gauss": {
      "diag": 0.4801509683262215,
      "CAR": 0.49169335394958497,
      "delta_chi2_CAR_minus_diag": 0.01154238562336346,
      "implied_delta_lnZ_CAR_correction": -0.00577119281168173
    },
    "cs_stable": {
      "diag": 308.9233261879954,
      "CAR": 306.30142784367575,
      "delta_chi2_CAR_minus_diag": -2.621898344319618,
      "implied_delta_lnZ_CAR_correction": 1.310949172159809
    }
  }
}