{
  "model": "PBH-SIGW-Analytic",
  "tier": "hybrid3",
  "ln_Z": -34.64204818594179,
  "ln_Z_err": 0.1645700712384547,
  "n_dim": 3,
  "nlive": 250,
  "dlogz": 0.2,
  "seed": 20260422,
  "n_likelihood_calls": 24640,
  "wall_seconds": 176.3267412185669,
  "param_names": [
    "log10_A_zeta",
    "log10_f_star",
    "sigma_ps"
  ],
  "prior_range": {
    "log10_A_zeta": [
      -3.0,
      0.0
    ],
    "log10_f_star": [
      -10.0,
      -6.0
    ],
    "sigma_ps": [
      0.1,
      3.0
    ]
  },
  "median_params": {
    "log10_A_zeta": -1.555641989392055,
    "log10_f_star": -6.85839605289796,
    "sigma_ps": 1.3313000679844482
  },
  "ci_68": {
    "log10_A_zeta": [
      -2.172107762056993,
      -0.9917460738673762
    ],
    "log10_f_star": [
      -7.424295605752062,
      -6.251945769290086
    ],
    "sigma_ps": [
      0.4806090950601389,
      2.4770241675636475
    ]
  },
  "output_dir": "/Volumes/MacData_External/Physics-Novel-Paper/研究计划2026/课题1-PTA引力波/results/prl_reference_bridge/P5_frequency_cut/le_8_nHz/PBH-SIGW-Analytic"
}
