{
  "model": "SIGW-Delta",
  "tier": "hybrid3",
  "ln_Z": -154.5150454006746,
  "ln_Z_err": 0.17352230933517696,
  "n_dim": 2,
  "nlive": 250,
  "dlogz": 0.2,
  "seed": 20260422,
  "n_likelihood_calls": 10087,
  "wall_seconds": 2.166355848312378,
  "param_names": [
    "log10_f_peak",
    "log10_A"
  ],
  "prior_range": {
    "log10_f_peak": [
      -11.0,
      -5.0
    ],
    "log10_A": [
      -3.0,
      1.0
    ]
  },
  "median_params": {
    "log10_f_peak": -6.081447457531322,
    "log10_A": -0.9152803191143462
  },
  "ci_68": {
    "log10_f_peak": [
      -6.821291096592606,
      -5.3859615065956605
    ],
    "log10_A": [
      -1.4505475740857035,
      -0.328908997529064
    ]
  },
  "output_dir": "/Volumes/MacData_External/Physics-Novel-Paper/研究计划2026/课题1-PTA引力波/results/prl_reference_bridge/P5_frequency_cut/all/SIGW-Delta"
}
