{
  "model": "Cosmic-Superstrings",
  "tier": "hybrid3",
  "ln_Z": -154.4119236492861,
  "ln_Z_err": 0.10898194338741878,
  "n_dim": 2,
  "nlive": 500,
  "dlogz": 0.1,
  "seed": 20260423,
  "n_likelihood_calls": 22139,
  "wall_seconds": 4.974958181381226,
  "param_names": [
    "log10_Gmu",
    "log10_P"
  ],
  "prior_range": {
    "log10_Gmu": [
      -14.0,
      -6.0
    ],
    "log10_P": [
      -3.0,
      0.0
    ]
  },
  "median_params": {
    "log10_Gmu": -11.621695807057915,
    "log10_P": -2.023702280711703
  },
  "ci_68": {
    "log10_Gmu": [
      -11.98249673905707,
      -11.19840854356803
    ],
    "log10_P": [
      -2.6763172464634275,
      -1.3132672225586886
    ]
  },
  "output_dir": "/Volumes/MacData_External/Physics-Novel-Paper/研究计划2026/课题1-PTA引力波/results/prl_reference_bridge/P6_stability/nlive500_seed20260423/Cosmic-Superstrings"
}
