{
  "model": "PBH-SIGW-Analytic",
  "tier": "hybrid3",
  "ln_Z": -57.10523429264215,
  "ln_Z_err": 0.16853298578174583,
  "n_dim": 3,
  "nlive": 250,
  "dlogz": 0.2,
  "seed": 20260422,
  "n_likelihood_calls": 25630,
  "wall_seconds": 185.69966506958008,
  "param_names": [
    "log10_A_zeta",
    "log10_f_star",
    "sigma_ps"
  ],
  "prior_range": {
    "log10_A_zeta": [
      -3.0,
      0.0
    ],
    "log10_f_star": [
      -10.0,
      -6.0
    ],
    "sigma_ps": [
      0.1,
      3.0
    ]
  },
  "median_params": {
    "log10_A_zeta": -1.6382115102541586,
    "log10_f_star": -7.048208414300467,
    "sigma_ps": 1.3527412962817045
  },
  "ci_68": {
    "log10_A_zeta": [
      -2.2113158688632737,
      -1.0373650563973735
    ],
    "log10_f_star": [
      -7.453220137106291,
      -6.283249399457221
    ],
    "sigma_ps": [
      0.4966029093319405,
      2.477892607818751
    ]
  },
  "output_dir": "/Volumes/MacData_External/Physics-Novel-Paper/研究计划2026/课题1-PTA引力波/results/prl_reference_bridge/P5_frequency_cut/le_12_nHz/PBH-SIGW-Analytic"
}
