{
  "model": "SIGW-Gaussian",
  "tier": "hybrid3",
  "ln_Z": -154.98180446096637,
  "ln_Z_err": 0.0840113374158895,
  "n_dim": 3,
  "nlive": 1000,
  "dlogz": 0.1,
  "seed": 20260422,
  "n_likelihood_calls": 150306,
  "wall_seconds": 28.47452712059021,
  "param_names": [
    "log10_fpeak",
    "width",
    "log10_A"
  ],
  "prior_range": {
    "log10_fpeak": [
      -11.0,
      -5.0
    ],
    "width": [
      0.1,
      3.0
    ],
    "log10_A": [
      -3.0,
      1.0
    ]
  },
  "median_params": {
    "log10_fpeak": -6.670696353150271,
    "width": 1.5410179424680484,
    "log10_A": -0.7685531350290511
  },
  "ci_68": {
    "log10_fpeak": [
      -7.402488014055293,
      -5.588980448418276
    ],
    "width": [
      0.6165294139901246,
      2.361539491156283
    ],
    "log10_A": [
      -1.3149593373749255,
      -0.16158813069971956
    ]
  },
  "output_dir": "/Volumes/MacData_External/Physics-Novel-Paper/研究计划2026/课题1-PTA引力波/results/prl_reference_bridge/P6_stability/nlive1000_seed20260422/SIGW-Gaussian"
}
