{
  "model": "SMBHB-PowerLaw",
  "tier": "ng15_official",
  "ln_Z": -109.63903141397363,
  "ln_Z_err": 0.12077944833722114,
  "n_dim": 2,
  "nlive": 500,
  "dlogz": 0.1,
  "seed": 20260422,
  "n_likelihood_calls": 22188,
  "wall_seconds": 1.8614699840545654,
  "param_names": [
    "log10_A",
    "gamma"
  ],
  "prior_range": {
    "log10_A": [
      -18.0,
      -13.0
    ],
    "gamma": [
      0.0,
      7.0
    ]
  },
  "median_params": {
    "log10_A": -14.11627602669858,
    "gamma": 3.075689662555837
  },
  "ci_68": {
    "log10_A": [
      -14.256977188788213,
      -13.992589499340841
    ],
    "gamma": [
      2.7475340598168203,
      3.4278983659856235
    ]
  },
  "output_dir": "/Volumes/MacData_External/Physics-Novel-Paper/研究计划2026/课题1-PTA引力波/results/prl_reference_bridge/P1_ng15_official/SMBHB-PowerLaw"
}
