{
  "model": "SMBHB-PowerLaw",
  "tier": "hybrid3",
  "ln_Z": -155.94133213872232,
  "ln_Z_err": 0.12383905274829145,
  "n_dim": 2,
  "nlive": 500,
  "dlogz": 0.1,
  "seed": 20260422,
  "n_likelihood_calls": 24471,
  "wall_seconds": 3.708346128463745,
  "param_names": [
    "log10_A",
    "gamma"
  ],
  "prior_range": {
    "log10_A": [
      -18.0,
      -13.0
    ],
    "gamma": [
      0.0,
      7.0
    ]
  },
  "median_params": {
    "log10_A": -14.370310722346874,
    "gamma": 3.564330473578663
  },
  "ci_68": {
    "log10_A": [
      -14.5011123608351,
      -14.236799303672292
    ],
    "gamma": [
      3.2388388505905525,
      3.8863858475367885
    ]
  },
  "output_dir": "/Volumes/MacData_External/Physics-Novel-Paper/研究计划2026/课题1-PTA引力波/results/prl_reference_bridge/P2_hybrid3/SMBHB-PowerLaw"
}
