{
  "model": "SIGW-Gaussian",
  "tier": "ng15_official",
  "ln_Z": -108.90046327660329,
  "ln_Z_err": 0.11387331477142935,
  "n_dim": 3,
  "nlive": 500,
  "dlogz": 0.1,
  "seed": 20260422,
  "n_likelihood_calls": 65837,
  "wall_seconds": 4.9071972370147705,
  "param_names": [
    "log10_fpeak",
    "width",
    "log10_A"
  ],
  "prior_range": {
    "log10_fpeak": [
      -11.0,
      -5.0
    ],
    "width": [
      0.1,
      3.0
    ],
    "log10_A": [
      -3.0,
      1.0
    ]
  },
  "median_params": {
    "log10_fpeak": -6.1805995673529965,
    "width": 1.199050774527515,
    "log10_A": -0.16066286488241932
  },
  "ci_68": {
    "log10_fpeak": [
      -6.98753701699902,
      -5.464532611541804
    ],
    "width": [
      0.5042757721448154,
      1.9246799570533801
    ],
    "log10_A": [
      -0.8751489404615084,
      0.475356059630625
    ]
  },
  "output_dir": "/Volumes/MacData_External/Physics-Novel-Paper/研究计划2026/课题1-PTA引力波/results/prl_reference_bridge/P1_ng15_official/SIGW-Gaussian"
}
