{
  "model": "Cosmic-Superstrings",
  "tier": "hybrid3",
  "ln_Z": -35.457870948760274,
  "ln_Z_err": 0.1682312312964245,
  "n_dim": 2,
  "nlive": 250,
  "dlogz": 0.2,
  "seed": 20260422,
  "n_likelihood_calls": 10669,
  "wall_seconds": 1.8488340377807617,
  "param_names": [
    "log10_Gmu",
    "log10_P"
  ],
  "prior_range": {
    "log10_Gmu": [
      -14.0,
      -6.0
    ],
    "log10_P": [
      -3.0,
      0.0
    ]
  },
  "median_params": {
    "log10_Gmu": -11.591970459525601,
    "log10_P": -1.943942787894856
  },
  "ci_68": {
    "log10_Gmu": [
      -11.970928429333478,
      -11.037633503336533
    ],
    "log10_P": [
      -2.703080840807192,
      -1.021523281938803
    ]
  },
  "output_dir": "/Volumes/MacData_External/Physics-Novel-Paper/研究计划2026/课题1-PTA引力波/results/prl_reference_bridge/P5_frequency_cut/le_8_nHz/Cosmic-Superstrings"
}
