{
  "model": "Cosmic-Superstrings",
  "tier": "hybrid3",
  "ln_Z": -103.94429228642339,
  "ln_Z_err": 0.1745538783188704,
  "n_dim": 2,
  "nlive": 250,
  "dlogz": 0.2,
  "seed": 20260422,
  "n_likelihood_calls": 10977,
  "wall_seconds": 2.2000370025634766,
  "param_names": [
    "log10_Gmu",
    "log10_P"
  ],
  "prior_range": {
    "log10_Gmu": [
      -14.0,
      -6.0
    ],
    "log10_P": [
      -3.0,
      0.0
    ]
  },
  "median_params": {
    "log10_Gmu": -11.683410871295942,
    "log10_P": -2.14757610913026
  },
  "ci_68": {
    "log10_Gmu": [
      -12.001861488008402,
      -11.290692547934324
    ],
    "log10_P": [
      -2.735443831815295,
      -1.4554764324152307
    ]
  },
  "output_dir": "/Volumes/MacData_External/Physics-Novel-Paper/研究计划2026/课题1-PTA引力波/results/prl_reference_bridge/P5_frequency_cut/le_20_nHz/Cosmic-Superstrings"
}
